Recency,Frequency,Monetary
221.09302325581396,1.1162790697674418,240.23023255813953
237.08333333333334,1.3333333333333333,2443.3491666666664
135.5,5.166666666666667,6484.875
82.28947368421052,1.263157894736842,924.3115789473683
