Recency,Frequency,Monetary
224.08333333333334,1.2083333333333333,998.1166666666667
101.25581395348837,1.5813953488372092,1655.1637209302323
183.68421052631578,1.263157894736842,632.0478947368421
272.3478260869565,1.2173913043478262,1775.8986956521737
58.0,5.125,4241.4
