Recency,Frequency,Monetary
181.78571428571428,1.0,431.9857142857143
237.14285714285714,2.0,2148.578571428571
250.0,4.0,8137.1
50.0,4.625,3541.4125
249.53846153846155,1.0,1067.2646153846154
159.72222222222223,2.888888888888889,3140.5894444444443
48.75,1.0,1251.430625
122.0,1.0,441.3964285714286
